<?xml version="1.0" encoding="UTF-8"?>
<!DOCTYPE suite SYSTEM "https://testng.org/testng-1.0.dtd">
<suite name="Suite" parallel="tests">
  <test thread-count="5" name="AjioTest">
    <classes>
      <class name="serialAndParallel.Ajio"/>
    </classes>
  </test> <!-- Test -->
  
  <test thread-count="5" name="AmazonTest">
    <classes>
      <class name="serialAndParallel.Amazon"/>
    </classes>
  </test> <!-- Test -->
  
  <test thread-count="5" name="FlipkartTest">
    <classes>
      <class name="serialAndParallel.Flipkart"/>
    </classes>
  </test> <!-- Test --> 
</suite> <!-- Suite -->
