<?xml version="1.0" encoding="UTF-8"?>
<!DOCTYPE suite SYSTEM "https://testng.org/testng-1.0.dtd">
<suite name="Suite">
  <test thread-count="5" name="TestCB">
	  <parameter name="bName" value="chrome"/>
	  <classes>
		  <class name="crossBrowserTesting.ChromeBTesting"/>
	  </classes>
  </test> <!-- Test -->
  
   <test thread-count="5" name="TestFF">
	  <parameter name="bName" value="fireFox"/>
	  <classes>
		  <class name="crossBrowserTesting.ChromeBTesting"/>
	  </classes>
  </test> <!-- Test -->
</suite> <!-- Suite -->
