<?xml version="1.0" encoding="UTF-8"?>
<!DOCTYPE suite SYSTEM "https://testng.org/testng-1.0.dtd">
<suite name="Suite">
  <test thread-count="5" name="Test">
    <classes>
      <class name="testNGxmlUse.Studyxml"/>
      <methods>
		  <include name = "TC2"/>
		  <include name = "TC4"/>
	  </methods>
      <class name="testNGxmlUse.Studyxml2"/>
      <methods>
		  <exclude name = "TC6"/>
		  <exclude name = "TC8"/>
	  </methods>  
    </classes>
  </test> <!-- Test -->
</suite> <!-- Suite -->
